user_id,carbon_awareness_score,price_sensitivity_score,commute_flexibility_score,diet_flexibility_score,energy_saving_flexibility_score,digital_engagement_score,social_influence_score,synthetic_green_adoption_probability,synthetic_green_adoption_score_pct,behavior_segment,top_emission_driver,preferred_nudge_channel
U0001,40,36,22,47,44,66,23,0.906,91,Early adopter,transport,Email
U0002,97,51,43,40,81,27,46,0.983,98,High climate awareness,transport,App notification
U0003,28,7,28,51,34,67,50,0.864,86,Early adopter,electricity,WhatsApp
U0004,47,62,5,44,44,36,55,0.927,93,Price sensitive,food,WhatsApp
U0005,44,59,45,35,39,61,69,0.959,96,Early adopter,food,Email
U0006,39,33,52,56,71,72,61,0.966,97,Early adopter,food,In-app card
U0007,32,75,14,36,68,60,32,0.938,94,Price sensitive,transport,In-app card
U0008,57,67,91,30,44,51,52,0.981,98,Habit driven,transport,App notification
U0009,68,76,61,30,66,61,62,0.986,99,Price sensitive,electricity,In-app card
U0010,51,44,54,70,51,84,61,0.979,98,Early adopter,transport,Push reminder
U0011,54,66,35,47,28,58,67,0.965,96,Price sensitive,electricity,Push reminder
U0012,63,58,17,37,53,37,12,0.933,93,High climate awareness,waste,App notification
U0013,78,56,49,55,30,51,78,0.982,98,High climate awareness,waste,App notification
U0014,49,49,30,24,72,10,38,0.919,92,Low awareness,food,In-app card
U0015,62,28,26,58,52,31,49,0.942,94,High climate awareness,food,In-app card
U0016,60,59,54,11,45,56,38,0.956,96,High climate awareness,transport,Push reminder
U0017,70,42,37,11,57,78,40,0.957,96,Early adopter,food,Push reminder
U0018,12,53,41,44,55,46,77,0.929,93,Low awareness,waste,Email
U0019,56,55,98,36,57,45,65,0.984,98,Habit driven,transport,Push reminder
U0020,63,48,25,10,58,32,74,0.941,94,High climate awareness,transport,App notification
U0021,35,51,25,42,50,68,17,0.917,92,Early adopter,electricity,Email
U0022,69,5,53,17,38,55,79,0.94,94,High climate awareness,food,App notification
U0023,39,54,71,33,74,60,58,0.972,97,Low awareness,food,In-app card
U0024,76,42,50,7,39,38,72,0.957,96,High climate awareness,transport,Email
U0025,89,28,50,27,39,92,42,0.973,97,Early adopter,transport,App notification
U0026,68,56,15,0,59,94,54,0.956,96,Early adopter,electricity,Email
U0027,69,75,29,55,14,74,36,0.97,97,Price sensitive,transport,Push reminder
U0028,35,63,6,50,27,33,49,0.896,90,Price sensitive,transport,In-app card
U0029,54,82,19,64,72,66,32,0.977,98,Price sensitive,transport,App notification
U0030,30,15,85,34,27,37,51,0.909,91,Habit driven,food,Email
U0031,50,61,85,69,0,88,72,0.984,98,Early adopter,transport,App notification
U0032,65,34,39,66,60,46,68,0.972,97,Time constrained,transport,App notification
U0033,63,60,33,41,34,21,42,0.946,95,High climate awareness,waste,App notification
U0034,79,41,36,60,34,63,39,0.97,97,High climate awareness,transport,Push reminder
U0035,53,70,2,7,3,36,85,0.893,89,Price sensitive,transport,WhatsApp
U0036,72,73,18,98,55,68,57,0.988,99,Time constrained,food,WhatsApp
U0037,66,49,66,30,36,98,45,0.977,98,Early adopter,shopping,WhatsApp
U0038,98,98,73,98,31,73,49,0.997,100,High climate awareness,transport,Push reminder
U0039,26,85,36,31,80,58,71,0.968,97,Price sensitive,electricity,Push reminder
U0040,53,65,42,22,47,85,58,0.968,97,Early adopter,transport,Push reminder
U0041,71,55,2,12,44,37,37,0.913,91,High climate awareness,transport,App notification
U0042,83,53,65,45,78,80,36,0.989,99,High climate awareness,electricity,App notification
U0043,93,62,55,61,34,74,59,0.99,99,High climate awareness,transport,WhatsApp
U0044,43,64,30,47,47,33,29,0.935,94,Price sensitive,transport,App notification
U0045,65,39,28,81,27,89,41,0.969,97,Early adopter,electricity,App notification
U0046,58,51,49,42,45,78,19,0.962,96,Early adopter,transport,App notification
U0047,41,39,21,44,60,20,38,0.899,90,Low awareness,transport,App notification
U0048,34,48,24,33,15,53,33,0.866,87,Early adopter,food,Push reminder
U0049,53,70,37,56,72,65,47,0.978,98,Low awareness,electricity,Push reminder
U0050,65,61,67,61,66,60,54,0.987,99,Habit driven,electricity,Email
U0051,63,21,60,48,44,67,56,0.965,96,Early adopter,food,Email
U0052,59,98,62,43,36,57,50,0.984,98,Price sensitive,transport,App notification
U0053,84,79,54,84,9,69,73,0.991,99,High climate awareness,transport,In-app card
U0054,83,70,52,44,89,68,43,0.99,99,Low awareness,electricity,In-app card
U0055,43,56,32,73,32,98,33,0.964,96,Early adopter,transport,Email
U0056,38,50,34,66,67,55,98,0.973,97,Low awareness,shopping,Push reminder
U0057,53,52,16,40,55,36,38,0.93,93,Low awareness,transport,In-app card
U0058,44,70,16,15,53,76,54,0.943,94,Early adopter,shopping,App notification
U0059,53,48,67,62,50,54,48,0.975,98,Habit driven,food,App notification
U0060,49,52,35,54,66,52,31,0.958,96,Low awareness,transport,In-app card
U0061,70,82,32,0,35,92,41,0.967,97,Early adopter,waste,App notification
U0062,48,55,67,40,61,56,59,0.974,97,Habit driven,electricity,App notification
U0063,61,44,14,41,24,71,47,0.934,93,Early adopter,food,In-app card
U0064,57,25,20,1,71,50,74,0.918,92,Low awareness,shopping,App notification
U0065,9,85,43,50,28,70,40,0.938,94,Price sensitive,transport,Email
U0066,35,62,31,2,57,16,74,0.907,91,Price sensitive,food,Email
U0067,93,61,33,31,63,59,0,0.974,97,High climate awareness,food,In-app card
U0068,57,40,40,72,55,67,23,0.966,97,Time constrained,shopping,WhatsApp
U0069,51,46,65,14,51,58,17,0.943,94,Habit driven,transport,WhatsApp
U0070,83,46,52,12,54,51,32,0.965,97,High climate awareness,electricity,Push reminder
U0071,98,47,40,63,34,68,58,0.986,99,High climate awareness,food,WhatsApp
U0072,43,85,55,63,56,97,41,0.986,99,Early adopter,food,In-app card
U0073,66,75,44,12,20,58,67,0.965,96,Price sensitive,food,Email
U0074,74,29,31,55,66,92,36,0.973,97,Early adopter,food,In-app card
U0075,43,65,93,60,65,85,58,0.99,99,Habit driven,transport,Push reminder
U0076,78,63,12,47,6,74,43,0.958,96,High climate awareness,electricity,In-app card
U0077,92,34,60,26,71,37,50,0.978,98,High climate awareness,food,App notification
U0078,94,69,44,0,39,69,37,0.975,98,High climate awareness,waste,WhatsApp
U0079,83,59,38,30,29,81,39,0.973,97,High climate awareness,transport,Push reminder
U0080,38,66,28,32,25,50,48,0.921,92,Price sensitive,food,Push reminder
U0081,52,98,54,0,45,57,35,0.966,97,Price sensitive,transport,WhatsApp
U0082,63,16,70,4,44,45,54,0.935,93,Habit driven,waste,WhatsApp
U0083,54,70,45,53,89,76,42,0.984,98,Low awareness,food,Push reminder
U0084,40,51,12,0,31,62,50,0.863,86,Early adopter,food,WhatsApp
U0085,32,56,79,77,64,61,40,0.979,98,Habit driven,waste,App notification
U0086,70,51,32,0,48,81,73,0.962,96,Early adopter,electricity,Email
U0087,58,54,36,7,92,74,64,0.97,97,Low awareness,food,App notification
U0088,56,70,74,7,28,72,37,0.966,97,Habit driven,transport,WhatsApp
U0089,72,19,55,54,69,66,0,0.963,96,High climate awareness,transport,In-app card
U0090,24,15,0,48,35,29,48,0.759,76,Time constrained,electricity,In-app card
U0091,38,50,75,75,51,94,35,0.98,98,Early adopter,food,WhatsApp
U0092,45,65,19,25,25,46,74,0.928,93,Price sensitive,electricity,Email
U0093,64,55,47,69,43,78,64,0.983,98,Early adopter,transport,WhatsApp
U0094,58,77,63,83,40,75,27,0.987,99,Time constrained,electricity,In-app card
U0095,61,57,39,18,45,33,41,0.942,94,High climate awareness,food,Email
U0096,73,69,38,43,53,69,55,0.981,98,High climate awareness,food,WhatsApp
U0097,33,51,66,47,60,42,46,0.958,96,Habit driven,electricity,App notification
U0098,59,39,21,36,63,41,43,0.937,94,Low awareness,food,App notification
U0099,82,52,40,82,56,28,78,0.986,99,High climate awareness,transport,In-app card
U0100,82,39,82,44,70,98,51,0.991,99,Early adopter,food,App notification
U0101,56,34,40,98,52,48,43,0.971,97,Time constrained,shopping,In-app card
U0102,50,75,43,80,43,54,30,0.976,98,Time constrained,shopping,App notification
U0103,51,20,0,56,15,68,37,0.868,87,Early adopter,transport,In-app card
U0104,68,61,52,68,51,11,56,0.977,98,High climate awareness,transport,Email
U0105,63,47,77,19,15,30,47,0.95,95,Habit driven,transport,App notification
U0106,88,98,59,18,32,77,74,0.991,99,Price sensitive,food,In-app card
U0107,46,69,70,6,59,88,36,0.97,97,Early adopter,food,App notification
U0108,60,48,44,1,58,91,33,0.953,95,Early adopter,food,WhatsApp
U0109,43,76,42,42,73,41,60,0.972,97,Price sensitive,electricity,Email
U0110,52,59,37,58,46,98,76,0.98,98,Early adopter,shopping,App notification
U0111,34,58,61,31,74,81,46,0.969,97,Early adopter,food,WhatsApp
U0112,82,72,21,48,9,44,69,0.97,97,High climate awareness,electricity,App notification
U0113,57,53,66,27,58,37,62,0.969,97,Habit driven,food,App notification
U0114,51,50,22,49,61,33,36,0.939,94,Low awareness,transport,App notification
U0115,58,87,22,0,38,53,38,0.942,94,Price sensitive,transport,Push reminder
U0116,62,34,19,25,36,98,79,0.952,95,Early adopter,food,Email
U0117,27,93,59,41,40,81,51,0.974,97,Price sensitive,waste,App notification
U0118,89,21,54,28,58,65,58,0.975,97,High climate awareness,waste,App notification
U0119,75,82,87,42,39,35,56,0.989,99,Habit driven,transport,In-app card
U0120,78,52,17,21,31,41,59,0.945,94,High climate awareness,shopping,In-app card
U0121,73,88,29,50,37,60,18,0.975,98,Price sensitive,electricity,App notification
U0122,31,67,30,0,0,89,9,0.849,85,Early adopter,transport,App notification
U0123,56,62,16,28,59,65,38,0.949,95,Early adopter,transport,Push reminder
U0124,40,79,49,0,60,47,42,0.947,95,Price sensitive,electricity,WhatsApp
U0125,58,25,46,51,50,56,40,0.951,95,High climate awareness,transport,App notification
U0126,78,46,91,58,0,77,46,0.984,98,Habit driven,food,In-app card
U0127,32,44,53,69,52,60,34,0.954,95,Time constrained,food,Push reminder
U0128,53,48,67,35,70,50,62,0.974,97,Low awareness,food,App notification
U0129,61,11,28,4,89,28,98,0.932,93,Low awareness,shopping,App notification
U0130,67,44,62,26,21,61,62,0.964,96,High climate awareness,shopping,In-app card
U0131,81,64,33,75,73,65,72,0.991,99,High climate awareness,food,In-app card
U0132,41,43,15,56,17,85,34,0.914,91,Early adopter,food,WhatsApp
U0133,82,29,74,82,3,77,69,0.985,99,High climate awareness,waste,In-app card
U0134,67,72,20,70,54,62,59,0.981,98,Price sensitive,food,Push reminder
U0135,35,23,42,79,26,63,33,0.925,92,Time constrained,shopping,Push reminder
U0136,42,65,61,23,77,68,43,0.971,97,Low awareness,food,In-app card
U0137,64,41,44,45,63,64,85,0.978,98,High climate awareness,electricity,App notification
U0138,53,20,49,31,19,45,40,0.899,90,High climate awareness,food,App notification
U0139,78,98,41,37,64,70,76,0.991,99,Price sensitive,shopping,Email
U0140,70,48,42,41,25,52,77,0.967,97,High climate awareness,food,App notification
U0141,76,74,54,61,60,64,44,0.989,99,High climate awareness,transport,App notification
U0142,36,68,40,2,39,77,9,0.909,91,Early adopter,electricity,WhatsApp
U0143,39,74,78,46,45,76,30,0.977,98,Habit driven,transport,Email
U0144,77,38,67,45,72,37,35,0.978,98,High climate awareness,food,WhatsApp
U0145,66,27,20,17,63,66,51,0.936,94,High climate awareness,food,In-app card
U0146,72,25,46,49,41,94,49,0.971,97,Early adopter,food,WhatsApp
U0147,35,46,0,27,13,78,8,0.807,81,Early adopter,transport,Push reminder
U0148,32,55,69,40,24,63,38,0.946,95,Habit driven,transport,Push reminder
U0149,78,70,50,74,64,70,74,0.993,99,High climate awareness,transport,WhatsApp
U0150,61,47,58,43,58,35,58,0.97,97,High climate awareness,electricity,In-app card
U0151,34,61,51,36,37,59,87,0.96,96,Price sensitive,transport,WhatsApp
U0152,27,26,36,72,29,88,51,0.931,93,Early adopter,waste,In-app card
U0153,66,46,0,27,32,66,52,0.924,92,High climate awareness,electricity,WhatsApp
U0154,46,10,47,70,55,52,52,0.945,95,Time constrained,food,App notification
U0155,91,68,50,36,41,54,58,0.985,98,High climate awareness,food,WhatsApp
U0156,30,90,40,39,67,77,71,0.977,98,Price sensitive,transport,App notification
U0157,82,54,75,26,43,56,37,0.98,98,High climate awareness,electricity,Push reminder
U0158,59,72,59,27,36,42,49,0.968,97,Price sensitive,transport,App notification
U0159,29,76,42,66,53,50,39,0.962,96,Price sensitive,food,WhatsApp
U0160,77,67,16,31,30,62,29,0.956,96,High climate awareness,food,App notification
U0161,45,56,40,78,66,44,54,0.973,97,Time constrained,transport,App notification
U0162,66,68,32,15,51,68,35,0.961,96,Price sensitive,transport,In-app card
U0163,72,77,70,91,84,41,66,0.995,99,Time constrained,transport,Push reminder
U0164,66,17,3,0,57,68,42,0.877,88,Early adopter,transport,In-app card
U0165,88,51,24,51,49,42,81,0.979,98,High climate awareness,transport,WhatsApp
U0166,53,87,65,38,30,43,38,0.973,97,Price sensitive,transport,App notification
U0167,67,70,29,61,31,47,19,0.963,96,Price sensitive,shopping,App notification
U0168,31,36,44,18,79,41,51,0.918,92,Low awareness,transport,In-app card
U0169,81,57,32,17,62,48,66,0.972,97,High climate awareness,food,Push reminder
U0170,75,44,62,60,43,51,54,0.981,98,High climate awareness,transport,Email
U0171,93,78,46,62,79,21,47,0.991,99,High climate awareness,transport,WhatsApp
U0172,23,23,47,29,33,61,34,0.858,86,Early adopter,electricity,WhatsApp
U0173,81,54,30,24,80,73,32,0.975,98,High climate awareness,electricity,Push reminder
U0174,60,7,15,23,34,84,9,0.855,86,Early adopter,electricity,Push reminder
U0175,32,48,90,56,74,58,37,0.976,98,Habit driven,electricity,Email
U0176,71,50,55,65,38,53,56,0.98,98,High climate awareness,transport,App notification
U0177,25,64,20,64,92,46,21,0.946,95,Low awareness,transport,App notification
U0178,69,59,38,44,27,76,80,0.977,98,Early adopter,food,Email
U0179,36,30,16,8,46,51,55,0.845,85,Early adopter,transport,Email
U0180,57,33,56,2,6,27,39,0.873,87,High climate awareness,transport,In-app card
U0181,52,38,76,70,69,66,55,0.983,98,Habit driven,food,App notification
U0182,41,33,9,51,53,53,39,0.902,90,Low awareness,transport,Push reminder
U0183,25,72,48,58,49,63,66,0.967,97,Price sensitive,shopping,Email
U0184,50,52,80,57,39,68,22,0.973,97,Habit driven,electricity,App notification
U0185,54,51,51,60,40,51,47,0.967,97,Time constrained,food,App notification
U0186,58,59,54,3,24,36,49,0.934,93,Price sensitive,food,WhatsApp
U0187,52,15,45,55,35,72,27,0.931,93,Early adopter,transport,WhatsApp
U0188,79,55,9,57,82,41,43,0.974,97,Low awareness,transport,Email
U0189,48,42,31,33,41,75,61,0.944,94,Early adopter,transport,Push reminder
U0190,30,43,72,49,56,64,42,0.959,96,Habit driven,waste,App notification
U0191,57,46,63,32,47,74,41,0.967,97,Early adopter,transport,WhatsApp
U0192,56,48,33,25,46,80,60,0.956,96,Early adopter,transport,Email
U0193,29,23,51,39,90,53,32,0.93,93,Low awareness,transport,App notification
U0194,68,69,98,13,51,46,55,0.984,98,Habit driven,transport,In-app card
U0195,82,68,0,0,45,72,54,0.953,95,High climate awareness,transport,Push reminder
U0196,92,57,42,69,42,67,56,0.988,99,High climate awareness,waste,Push reminder
U0197,40,62,93,69,33,98,61,0.987,99,Early adopter,food,Push reminder
U0198,70,57,45,38,69,77,45,0.98,98,Early adopter,transport,WhatsApp
U0199,30,45,42,16,17,65,48,0.884,88,Early adopter,electricity,Push reminder
U0200,57,65,30,49,76,54,85,0.98,98,Low awareness,electricity,Email
U0201,58,52,68,51,43,90,38,0.979,98,Early adopter,food,Email
U0202,64,80,25,36,42,78,61,0.976,98,Price sensitive,transport,WhatsApp
U0203,61,70,62,96,59,72,57,0.992,99,Time constrained,electricity,Email
U0204,56,51,42,40,40,64,46,0.958,96,Early adopter,food,Push reminder
U0205,54,43,28,44,35,43,31,0.923,92,High climate awareness,shopping,In-app card
U0206,62,78,52,63,48,62,81,0.988,99,Price sensitive,food,Push reminder
U0207,72,54,53,27,2,67,67,0.965,96,High climate awareness,transport,WhatsApp
U0208,52,14,37,15,36,36,22,0.842,84,High climate awareness,transport,Push reminder
U0209,39,32,61,45,2,79,49,0.931,93,Early adopter,food,Push reminder
U0210,86,47,0,20,60,63,45,0.954,95,High climate awareness,transport,Push reminder
U0211,40,54,56,46,44,39,75,0.961,96,Habit driven,waste,Push reminder
U0212,93,89,60,1,14,49,46,0.979,98,High climate awareness,transport,WhatsApp
U0213,56,87,78,10,12,58,73,0.976,98,Price sensitive,shopping,WhatsApp
U0214,50,57,65,51,61,26,90,0.978,98,Habit driven,transport,Push reminder
U0215,28,52,64,25,41,37,70,0.937,94,Habit driven,waste,In-app card
U0216,72,94,84,49,53,49,62,0.993,99,Price sensitive,electricity,App notification
U0217,70,75,20,46,48,59,28,0.969,97,Price sensitive,food,Email
U0218,41,62,53,49,22,37,35,0.941,94,Price sensitive,shopping,App notification
U0219,58,48,51,65,30,40,50,0.964,96,Time constrained,shopping,WhatsApp
U0220,58,89,10,62,53,31,6,0.957,96,Price sensitive,electricity,In-app card
U0221,37,52,37,21,46,50,82,0.937,94,Price sensitive,electricity,Push reminder
U0222,35,62,83,60,27,29,53,0.966,97,Habit driven,food,In-app card
U0223,60,45,32,10,52,31,66,0.933,93,High climate awareness,electricity,Push reminder
U0224,34,52,36,44,60,49,38,0.936,94,Low awareness,transport,App notification
U0225,70,55,64,18,85,32,79,0.982,98,Low awareness,transport,In-app card
U0226,28,69,36,17,86,36,33,0.932,93,Low awareness,food,WhatsApp
U0227,47,36,62,64,54,64,51,0.97,97,Time constrained,transport,App notification
U0228,81,69,49,56,48,63,59,0.987,99,High climate awareness,food,App notification
U0229,20,73,63,23,74,15,55,0.945,95,Low awareness,transport,WhatsApp
U0230,58,66,5,66,41,80,60,0.969,97,Early adopter,transport,App notification
U0231,50,87,19,31,18,62,35,0.943,94,Price sensitive,electricity,WhatsApp
U0232,43,51,34,32,98,25,60,0.955,95,Low awareness,food,Push reminder
U0233,98,31,73,64,19,53,23,0.98,98,High climate awareness,food,WhatsApp
U0234,59,66,37,74,70,57,42,0.981,98,Time constrained,transport,WhatsApp
U0235,64,49,59,73,69,66,77,0.988,99,Time constrained,food,Push reminder
U0236,84,69,73,13,32,43,51,0.979,98,High climate awareness,electricity,Email
U0237,90,30,91,3,64,77,60,0.985,99,Habit driven,transport,Email
U0238,80,75,67,69,19,28,34,0.983,98,High climate awareness,electricity,App notification
U0239,49,77,38,22,66,54,50,0.965,97,Price sensitive,electricity,App notification
U0240,39,69,44,23,60,44,33,0.944,94,Price sensitive,food,Email
U0241,36,78,35,22,13,16,62,0.909,91,Price sensitive,electricity,App notification
U0242,22,32,51,44,56,60,40,0.918,92,Early adopter,transport,App notification
U0243,37,17,27,33,36,53,61,0.874,87,Early adopter,electricity,In-app card
U0244,30,46,72,0,26,47,88,0.927,93,Habit driven,food,Push reminder
U0245,40,32,98,46,57,70,57,0.976,98,Habit driven,food,WhatsApp
U0246,41,95,29,49,20,80,41,0.965,96,Price sensitive,electricity,In-app card
U0247,37,84,11,79,43,98,60,0.976,98,Early adopter,food,Push reminder
U0248,57,41,21,33,73,32,74,0.949,95,Low awareness,food,App notification
U0249,60,70,63,64,50,61,65,0.987,99,Price sensitive,food,Push reminder
U0250,39,31,34,48,88,60,88,0.963,96,Low awareness,electricity,Email
U0251,67,50,50,9,19,71,70,0.958,96,Early adopter,food,In-app card
U0252,84,81,34,75,68,82,91,0.995,99,High climate awareness,shopping,App notification
U0253,77,12,52,4,53,61,36,0.937,94,High climate awareness,transport,App notification
U0254,51,52,47,56,43,85,47,0.971,97,Early adopter,food,WhatsApp
U0255,74,64,80,25,41,54,97,0.988,99,Habit driven,transport,Email
U0256,81,56,40,27,59,81,63,0.982,98,High climate awareness,food,WhatsApp
U0257,49,36,36,40,44,98,57,0.956,96,Early adopter,transport,App notification
U0258,35,68,53,16,55,70,68,0.961,96,Early adopter,transport,Push reminder
U0259,26,67,76,87,25,57,47,0.974,97,Time constrained,food,Push reminder
U0260,45,59,37,55,33,39,74,0.957,96,Price sensitive,food,In-app card
U0261,98,76,29,54,38,85,70,0.991,99,High climate awareness,food,In-app card
U0262,86,65,46,50,83,57,46,0.989,99,High climate awareness,waste,Push reminder
U0263,20,52,50,23,29,22,36,0.859,86,Price sensitive,transport,In-app card
U0264,72,72,98,66,69,67,48,0.994,99,Habit driven,food,Push reminder
U0265,73,80,98,43,51,58,50,0.992,99,Habit driven,food,Push reminder
U0266,61,50,55,29,25,68,87,0.97,97,Early adopter,food,WhatsApp
U0267,52,55,65,24,50,88,50,0.973,97,Early adopter,transport,WhatsApp
U0268,72,39,69,46,55,75,55,0.983,98,Early adopter,food,In-app card
U0269,88,51,63,19,18,44,45,0.969,97,High climate awareness,food,WhatsApp
U0270,25,77,65,48,52,70,28,0.966,97,Price sensitive,transport,App notification
U0271,80,56,65,63,60,66,52,0.99,99,High climate awareness,shopping,WhatsApp
U0272,61,45,58,48,74,23,48,0.97,97,Low awareness,electricity,App notification
U0273,44,26,47,42,29,63,32,0.915,92,Early adopter,transport,App notification
U0274,97,79,46,31,60,75,53,0.991,99,High climate awareness,electricity,App notification
U0275,39,60,51,59,76,80,59,0.98,98,Early adopter,electricity,Email
U0276,72,49,45,43,41,25,25,0.954,95,High climate awareness,food,Email
U0277,41,77,55,18,36,84,72,0.97,97,Early adopter,waste,App notification
U0278,59,78,28,47,20,52,48,0.961,96,Price sensitive,electricity,In-app card
U0279,27,75,96,52,48,27,55,0.975,98,Habit driven,transport,In-app card
U0280,53,55,56,62,39,64,59,0.976,98,Early adopter,waste,Email
U0281,54,51,18,74,28,58,54,0.955,96,Time constrained,transport,Push reminder
U0282,66,58,0,25,55,57,58,0.946,95,High climate awareness,transport,In-app card
U0283,76,44,80,37,48,70,72,0.986,99,Habit driven,transport,App notification
U0284,29,49,57,33,85,62,45,0.958,96,Low awareness,food,App notification
U0285,51,62,42,47,36,35,45,0.953,95,Price sensitive,transport,Push reminder
U0286,61,70,62,62,70,69,55,0.989,99,Price sensitive,transport,In-app card
U0287,92,17,39,56,69,34,62,0.975,98,High climate awareness,waste,App notification
U0288,78,67,54,38,40,75,59,0.984,98,High climate awareness,shopping,App notification
U0289,52,98,11,36,34,67,9,0.95,95,Price sensitive,electricity,In-app card
U0290,62,48,60,49,69,57,44,0.978,98,Low awareness,food,Push reminder
U0291,77,62,49,53,75,53,35,0.984,98,High climate awareness,shopping,Email
U0292,62,44,24,65,44,22,64,0.955,95,Time constrained,electricity,In-app card
U0293,50,58,0,0,36,58,72,0.898,90,Price sensitive,electricity,App notification
U0294,63,98,12,44,41,64,83,0.98,98,Price sensitive,waste,WhatsApp
U0295,90,59,21,42,39,58,30,0.97,97,High climate awareness,shopping,In-app card
U0296,70,61,80,94,41,79,90,0.995,99,Time constrained,transport,WhatsApp
U0297,75,43,35,75,35,58,64,0.977,98,High climate awareness,food,App notification
U0298,60,72,59,57,54,26,50,0.979,98,Price sensitive,transport,Push reminder
U0299,58,55,46,24,26,67,68,0.959,96,Early adopter,transport,App notification
U0300,72,73,50,51,60,74,26,0.984,98,Early adopter,waste,In-app card
U0301,92,39,40,51,13,41,33,0.962,96,High climate awareness,food,App notification
U0302,56,83,20,47,32,25,59,0.957,96,Price sensitive,transport,In-app card
U0303,70,56,58,64,62,79,69,0.989,99,Early adopter,shopping,In-app card
U0304,75,62,71,62,37,33,48,0.983,98,High climate awareness,food,Push reminder
U0305,36,81,56,65,40,90,65,0.983,98,Early adopter,transport,WhatsApp
U0306,79,90,45,42,39,27,36,0.979,98,Price sensitive,transport,In-app card
U0307,87,43,91,17,35,51,20,0.975,98,Habit driven,shopping,App notification
U0308,48,44,25,73,26,57,30,0.937,94,Time constrained,food,App notification
U0309,54,61,75,27,82,43,43,0.978,98,Low awareness,food,WhatsApp
U0310,88,50,56,58,56,39,52,0.985,98,High climate awareness,food,App notification
U0311,48,61,67,35,48,76,49,0.974,97,Early adopter,food,Push reminder
U0312,61,33,47,76,53,43,77,0.975,98,Time constrained,electricity,In-app card
U0313,70,32,59,75,40,21,55,0.971,97,Time constrained,transport,WhatsApp
U0314,68,65,12,87,65,22,64,0.978,98,Time constrained,food,In-app card
U0315,72,71,39,28,32,21,58,0.962,96,High climate awareness,food,WhatsApp
U0316,59,78,16,24,58,8,37,0.937,94,Price sensitive,transport,Email
U0317,64,29,9,26,71,98,48,0.949,95,Early adopter,transport,In-app card
U0318,20,92,31,59,53,79,67,0.971,97,Price sensitive,electricity,In-app card
U0319,62,46,79,25,51,72,15,0.969,97,Habit driven,food,In-app card
U0320,98,96,44,84,66,64,14,0.995,99,High climate awareness,transport,In-app card
U0321,32,55,34,47,77,77,34,0.955,96,Low awareness,transport,In-app card
U0322,37,62,27,26,69,73,40,0.946,95,Early adopter,food,WhatsApp
U0323,28,74,76,48,42,78,73,0.979,98,Early adopter,transport,Email
U0324,30,40,59,27,68,98,48,0.957,96,Early adopter,transport,In-app card
U0325,57,42,31,14,67,50,70,0.948,95,Low awareness,food,Push reminder
U0326,72,36,27,59,6,60,59,0.952,95,High climate awareness,food,In-app card
U0327,81,70,27,31,77,59,51,0.981,98,High climate awareness,food,App notification
U0328,71,69,18,65,30,59,15,0.964,96,High climate awareness,transport,App notification
U0329,54,56,63,61,3,73,52,0.97,97,Early adopter,transport,Email
U0330,56,59,53,37,0,50,24,0.936,94,Price sensitive,shopping,WhatsApp
U0331,94,67,51,32,39,19,50,0.979,98,High climate awareness,food,Push reminder
U0332,60,30,38,26,63,60,35,0.942,94,Low awareness,food,App notification
U0333,55,66,15,40,35,33,85,0.951,95,Price sensitive,transport,Push reminder
U0334,80,43,38,0,18,37,47,0.926,93,High climate awareness,waste,In-app card
U0335,55,60,21,49,62,51,11,0.948,95,Low awareness,food,Push reminder
U0336,8,96,34,98,57,55,51,0.973,97,Time constrained,electricity,WhatsApp
U0337,45,37,56,24,46,98,58,0.958,96,Early adopter,shopping,In-app card
U0338,71,56,98,19,18,93,40,0.982,98,Habit driven,food,In-app card
U0339,65,98,47,25,2,66,3,0.961,96,Price sensitive,electricity,WhatsApp
U0340,57,58,65,58,73,59,2,0.977,98,Low awareness,transport,Email
U0341,79,61,49,24,24,69,31,0.968,97,High climate awareness,shopping,In-app card
U0342,75,97,50,31,83,80,51,0.992,99,Price sensitive,electricity,Push reminder
U0343,62,55,48,39,30,60,83,0.972,97,High climate awareness,transport,App notification
U0344,41,78,63,11,9,77,21,0.941,94,Price sensitive,electricity,App notification
U0345,72,63,33,20,61,46,70,0.971,97,High climate awareness,food,App notification
U0346,50,55,29,37,0,43,36,0.901,90,Price sensitive,transport,In-app card
U0347,56,83,26,15,12,72,49,0.948,95,Price sensitive,transport,App notification
U0348,67,57,44,48,93,50,89,0.987,99,Low awareness,waste,In-app card
U0349,73,5,39,25,92,53,47,0.953,95,Low awareness,transport,WhatsApp
U0350,47,71,0,49,31,85,55,0.949,95,Early adopter,electricity,App notification
U0351,30,48,48,41,67,68,47,0.951,95,Early adopter,shopping,In-app card
U0352,58,33,77,98,43,60,68,0.986,99,Time constrained,transport,WhatsApp
U0353,76,91,59,47,35,61,11,0.984,98,Price sensitive,electricity,In-app card
U0354,62,35,54,60,35,78,58,0.973,97,Early adopter,transport,App notification
U0355,53,35,50,55,73,65,55,0.972,97,Low awareness,transport,Email
U0356,50,83,58,51,13,66,21,0.968,97,Price sensitive,transport,App notification
U0357,35,71,49,19,38,69,61,0.953,95,Price sensitive,shopping,App notification
U0358,60,32,35,98,25,67,90,0.977,98,Time constrained,food,In-app card
U0359,53,15,32,23,16,51,67,0.882,88,High climate awareness,transport,Push reminder
U0360,47,47,75,24,62,25,28,0.949,95,Habit driven,transport,In-app card
U0361,54,36,50,52,29,49,69,0.956,96,High climate awareness,food,App notification
U0362,48,83,57,63,39,76,63,0.985,98,Price sensitive,transport,Email
U0363,67,49,48,0,85,47,41,0.961,96,Low awareness,food,App notification
U0364,67,49,0,24,59,65,47,0.94,94,High climate awareness,food,Email
U0365,50,26,40,17,69,71,40,0.933,93,Early adopter,transport,App notification
U0366,70,25,43,16,70,67,60,0.96,96,High climate awareness,transport,In-app card
U0367,48,35,41,19,64,50,26,0.919,92,Low awareness,food,App notification
U0368,12,34,75,33,64,68,44,0.933,93,Habit driven,transport,Email
U0369,28,64,59,20,48,60,49,0.945,94,Price sensitive,electricity,WhatsApp
U0370,70,56,33,21,57,50,50,0.962,96,High climate awareness,food,App notification
U0371,23,74,24,6,58,58,13,0.883,88,Price sensitive,food,Email
U0372,56,82,21,54,10,67,78,0.969,97,Price sensitive,electricity,Email
U0373,60,61,48,17,57,46,54,0.963,96,Price sensitive,waste,WhatsApp
U0374,47,52,62,36,49,51,44,0.96,96,Habit driven,food,WhatsApp
U0375,70,29,41,43,45,48,23,0.945,94,High climate awareness,electricity,Email
U0376,59,68,18,76,38,69,45,0.972,97,Time constrained,waste,In-app card
U0377,48,98,59,56,72,70,47,0.989,99,Price sensitive,waste,In-app card
U0378,83,24,3,74,34,26,12,0.924,92,High climate awareness,transport,In-app card
U0379,90,39,46,62,44,44,70,0.982,98,High climate awareness,shopping,App notification
U0380,57,51,58,0,59,68,20,0.948,95,Early adopter,transport,App notification
U0381,23,43,49,48,84,63,20,0.941,94,Low awareness,transport,WhatsApp
U0382,54,83,55,24,61,44,0,0.962,96,Price sensitive,waste,In-app card
U0383,35,89,52,74,62,78,70,0.987,99,Price sensitive,electricity,In-app card
U0384,45,6,59,50,32,34,50,0.91,91,Habit driven,transport,In-app card
U0385,70,39,59,43,71,53,62,0.979,98,Low awareness,transport,WhatsApp
U0386,74,35,46,46,47,79,59,0.975,98,Early adopter,electricity,WhatsApp
U0387,66,84,65,60,37,59,60,0.988,99,Price sensitive,electricity,In-app card
U0388,68,95,42,66,67,68,57,0.991,99,Price sensitive,electricity,App notification
U0389,66,69,52,0,18,43,45,0.946,95,Price sensitive,waste,Push reminder
U0390,44,67,71,74,56,81,36,0.985,98,Early adopter,electricity,Email
U0391,55,94,37,0,30,46,21,0.941,94,Price sensitive,transport,Push reminder
U0392,39,59,59,0,39,60,26,0.922,92,Early adopter,transport,Email
U0393,62,37,51,23,15,60,23,0.924,92,High climate awareness,transport,App notification
U0394,28,57,41,21,54,68,52,0.933,93,Early adopter,shopping,In-app card
U0395,61,22,73,55,30,59,51,0.965,96,Habit driven,electricity,WhatsApp
U0396,22,25,0,43,60,67,42,0.846,85,Early adopter,waste,Email
U0397,65,77,24,35,47,88,31,0.972,97,Early adopter,transport,In-app card
U0398,80,72,41,64,39,41,82,0.987,99,High climate awareness,transport,Email
U0399,48,68,69,61,61,73,69,0.987,99,Early adopter,food,Push reminder
U0400,33,61,67,15,45,68,78,0.961,96,Early adopter,transport,Push reminder
U0401,37,41,24,26,59,55,62,0.919,92,Low awareness,electricity,App notification
U0402,65,24,78,50,65,83,67,0.984,98,Early adopter,food,Push reminder
U0403,55,69,5,51,84,46,66,0.969,97,Low awareness,transport,App notification
U0404,89,68,67,4,31,88,67,0.986,99,High climate awareness,waste,App notification
U0405,66,89,42,58,63,46,36,0.984,98,Price sensitive,food,In-app card
U0406,45,48,23,67,44,55,64,0.954,95,Time constrained,transport,App notification
U0407,27,49,32,24,55,39,51,0.899,90,Low awareness,transport,App notification
U0408,61,45,72,38,70,44,32,0.973,97,Habit driven,transport,App notification
U0409,28,56,60,56,72,42,48,0.963,96,Low awareness,food,App notification
U0410,90,31,60,67,32,68,40,0.982,98,High climate awareness,electricity,Push reminder
U0411,55,47,40,69,48,47,49,0.966,97,Time constrained,shopping,Push reminder
U0412,19,38,72,38,40,63,62,0.938,94,Habit driven,transport,App notification
U0413,81,50,67,43,93,56,83,0.992,99,Low awareness,transport,Email
U0414,56,77,34,27,70,74,32,0.971,97,Price sensitive,transport,In-app card
U0415,42,76,60,0,50,20,23,0.929,93,Price sensitive,shopping,In-app card
U0416,48,29,93,62,77,57,48,0.981,98,Habit driven,waste,In-app card
U0417,86,36,24,48,57,40,55,0.968,97,High climate awareness,food,App notification
U0418,32,81,38,25,27,35,56,0.93,93,Price sensitive,electricity,In-app card
U0419,76,89,66,29,53,14,60,0.984,98,Price sensitive,electricity,WhatsApp
U0420,44,65,22,39,17,87,69,0.95,95,Early adopter,transport,In-app card
U0421,49,60,45,27,52,51,67,0.961,96,Price sensitive,food,WhatsApp
U0422,56,57,56,62,51,70,51,0.98,98,Early adopter,electricity,App notification
U0423,43,85,9,7,21,75,65,0.929,93,Price sensitive,transport,Email
U0424,40,98,36,76,66,40,39,0.98,98,Price sensitive,food,App notification
U0425,42,31,41,88,63,48,35,0.958,96,Time constrained,electricity,WhatsApp
U0426,38,54,55,71,43,40,53,0.963,96,Time constrained,transport,Email
U0427,81,57,9,36,73,77,45,0.974,97,High climate awareness,food,WhatsApp
U0428,69,25,3,75,54,92,21,0.954,95,Early adopter,transport,In-app card
U0429,55,75,42,42,26,65,91,0.976,98,Price sensitive,waste,Push reminder
U0430,64,39,75,23,84,34,53,0.974,97,Low awareness,food,App notification
U0431,85,78,0,64,48,88,31,0.981,98,Early adopter,food,App notification
U0432,47,50,34,0,48,64,44,0.918,92,Early adopter,transport,WhatsApp
U0433,63,48,47,36,20,84,28,0.955,96,Early adopter,food,App notification
U0434,52,67,64,59,49,71,16,0.977,98,Early adopter,electricity,WhatsApp
U0435,77,77,40,42,73,14,44,0.979,98,High climate awareness,shopping,App notification
U0436,88,71,26,49,30,53,54,0.979,98,High climate awareness,electricity,In-app card
U0437,67,31,45,21,42,44,57,0.943,94,High climate awareness,electricity,In-app card
U0438,38,52,20,14,36,66,58,0.904,90,Early adopter,transport,In-app card
U0439,69,78,62,32,42,46,22,0.975,98,Price sensitive,electricity,In-app card
U0440,41,30,24,44,22,82,69,0.921,92,Early adopter,transport,Push reminder
U0441,65,71,46,53,23,87,38,0.978,98,Early adopter,food,WhatsApp
U0442,54,69,56,10,30,98,59,0.97,97,Early adopter,electricity,App notification
U0443,57,63,49,67,32,39,68,0.975,97,Time constrained,food,In-app card
U0444,81,53,50,48,48,88,70,0.987,99,Early adopter,food,App notification
U0445,50,31,45,16,75,73,61,0.953,95,Low awareness,food,Push reminder
U0446,67,83,42,56,28,61,93,0.986,99,Price sensitive,shopping,Push reminder
U0447,72,53,50,41,54,52,57,0.977,98,High climate awareness,food,Push reminder
U0448,60,61,33,53,65,89,54,0.98,98,Early adopter,transport,WhatsApp
U0449,47,69,0,66,72,5,73,0.953,95,Low awareness,food,Push reminder
U0450,36,38,28,73,41,78,45,0.945,95,Early adopter,food,Email
U0451,58,80,41,49,86,57,44,0.984,98,Low awareness,food,Push reminder
U0452,63,74,45,60,47,79,56,0.985,98,Early adopter,food,WhatsApp
U0453,53,78,17,16,41,24,57,0.932,93,Price sensitive,transport,In-app card
U0454,45,41,58,3,41,29,63,0.918,92,Habit driven,electricity,In-app card
U0455,51,80,22,49,72,73,63,0.979,98,Price sensitive,food,Email
U0456,43,68,59,56,47,86,58,0.98,98,Early adopter,food,App notification
U0457,63,94,14,59,67,94,62,0.988,99,Price sensitive,waste,Push reminder
U0458,58,63,39,71,19,50,56,0.969,97,Time constrained,shopping,Email
U0459,79,54,27,36,42,53,39,0.963,96,High climate awareness,transport,Push reminder
U0460,50,20,51,58,79,77,64,0.971,97,Low awareness,food,Email
U0461,63,57,67,55,47,98,64,0.988,99,Early adopter,waste,In-app card
U0462,59,55,0,20,39,69,14,0.9,90,Early adopter,food,App notification
U0463,48,64,30,28,36,52,46,0.938,94,Price sensitive,transport,In-app card
U0464,89,30,66,30,31,86,49,0.978,98,High climate awareness,transport,Email
U0465,58,51,0,0,57,83,75,0.935,93,Early adopter,food,App notification
U0466,18,47,63,41,43,59,73,0.944,94,Habit driven,electricity,WhatsApp
U0467,53,50,8,74,70,15,45,0.947,95,Time constrained,electricity,WhatsApp
U0468,57,58,49,30,75,44,38,0.966,97,Low awareness,food,WhatsApp
U0469,57,54,63,19,64,75,66,0.977,98,Early adopter,waste,App notification
U0470,92,43,40,21,48,73,60,0.977,98,High climate awareness,food,Push reminder
U0471,87,33,64,38,67,51,72,0.984,98,High climate awareness,waste,In-app card
U0472,64,36,36,11,53,30,53,0.928,93,High climate awareness,transport,In-app card
U0473,5,35,75,49,66,39,67,0.935,94,Habit driven,transport,Push reminder
U0474,55,57,77,14,68,67,43,0.975,97,Habit driven,transport,Email
U0475,38,78,47,25,21,50,72,0.951,95,Price sensitive,transport,App notification
U0476,60,51,82,32,33,68,56,0.976,98,Habit driven,electricity,Email
U0477,47,46,13,46,67,56,58,0.945,95,Low awareness,electricity,App notification
U0478,40,61,61,44,25,36,79,0.96,96,Price sensitive,food,Push reminder
U0479,44,34,33,82,98,53,40,0.97,97,Low awareness,food,WhatsApp
U0480,42,46,44,58,54,74,35,0.959,96,Early adopter,transport,App notification
U0481,56,47,17,0,36,10,25,0.832,83,High climate awareness,food,Push reminder
U0482,58,78,28,58,33,65,51,0.973,97,Price sensitive,electricity,App notification
U0483,61,47,52,51,21,76,23,0.96,96,Early adopter,food,App notification
U0484,68,59,52,14,39,18,29,0.943,94,High climate awareness,transport,Push reminder
U0485,33,55,96,60,5,29,22,0.948,95,Habit driven,food,Email
U0486,62,29,40,47,63,63,54,0.963,96,Low awareness,transport,App notification
U0487,57,28,77,6,69,30,63,0.955,95,Habit driven,transport,Push reminder
U0488,75,78,22,45,37,42,48,0.971,97,Price sensitive,electricity,App notification
U0489,72,36,22,34,44,73,22,0.942,94,Early adopter,food,WhatsApp
U0490,62,49,30,37,63,76,43,0.965,97,Early adopter,food,App notification
U0491,63,62,0,43,46,85,51,0.959,96,Early adopter,transport,Push reminder
U0492,69,66,16,49,73,79,48,0.979,98,Early adopter,transport,In-app card
U0493,63,64,1,62,42,58,36,0.955,95,Price sensitive,electricity,Push reminder
U0494,57,60,61,73,50,26,74,0.981,98,Time constrained,transport,App notification
U0495,31,55,17,10,49,44,74,0.894,89,Price sensitive,transport,Email
U0496,88,64,98,0,54,69,48,0.989,99,Habit driven,food,Push reminder
U0497,51,79,55,1,32,36,45,0.946,95,Price sensitive,transport,Push reminder
U0498,53,35,61,71,49,91,37,0.976,98,Early adopter,food,Push reminder
U0499,32,43,46,3,15,61,56,0.876,88,Early adopter,food,In-app card
U0500,69,80,55,33,68,77,47,0.987,99,Price sensitive,food,Email
U0501,36,64,58,63,32,22,58,0.957,96,Price sensitive,transport,Push reminder
U0502,79,62,12,47,27,29,47,0.953,95,High climate awareness,shopping,Email
U0503,60,39,46,30,44,65,69,0.961,96,Early adopter,waste,In-app card
U0504,58,64,67,87,74,58,70,0.992,99,Time constrained,electricity,App notification
U0505,67,32,57,84,66,83,40,0.985,98,Time constrained,waste,In-app card
U0506,52,68,55,58,29,85,57,0.979,98,Early adopter,transport,In-app card
U0507,55,53,44,22,73,79,68,0.973,97,Early adopter,food,In-app card
U0508,28,67,58,79,71,62,45,0.978,98,Time constrained,food,WhatsApp
U0509,76,73,42,32,55,86,57,0.985,98,Early adopter,electricity,Email
U0510,83,38,98,41,68,74,34,0.989,99,Habit driven,transport,WhatsApp
U0511,49,71,3,42,36,71,3,0.92,92,Price sensitive,food,Email
U0512,67,59,68,44,49,38,43,0.977,98,Habit driven,food,Email
U0513,57,64,48,35,37,25,4,0.937,94,Price sensitive,electricity,WhatsApp
U0514,58,75,19,48,35,45,62,0.962,96,Price sensitive,food,App notification
U0515,55,40,13,18,90,84,7,0.933,93,Low awareness,transport,App notification
U0516,53,41,61,64,70,66,60,0.98,98,Low awareness,food,WhatsApp
U0517,51,37,40,11,27,52,65,0.915,91,Early adopter,transport,In-app card
U0518,58,28,26,2,58,54,44,0.903,90,High climate awareness,food,App notification
U0519,72,94,23,4,24,67,82,0.972,97,Price sensitive,transport,Push reminder
U0520,88,71,64,53,64,66,32,0.991,99,High climate awareness,transport,In-app card
U0521,88,67,77,52,45,88,53,0.993,99,High climate awareness,transport,Email
U0522,5,94,26,65,31,63,56,0.944,94,Price sensitive,food,Push reminder
U0523,35,66,76,59,48,98,47,0.982,98,Early adopter,transport,In-app card
U0524,35,28,32,17,44,76,39,0.884,88,Early adopter,food,WhatsApp
U0525,61,85,39,48,23,55,35,0.97,97,Price sensitive,transport,In-app card
U0526,87,53,25,42,64,70,51,0.98,98,High climate awareness,electricity,In-app card
U0527,73,49,38,37,40,62,47,0.966,97,High climate awareness,food,In-app card
U0528,40,67,46,25,65,54,78,0.966,97,Price sensitive,food,App notification
U0529,40,82,29,51,26,78,34,0.957,96,Price sensitive,electricity,In-app card
U0530,25,59,33,53,32,48,71,0.934,93,Price sensitive,food,WhatsApp
U0531,78,5,49,11,57,54,27,0.929,93,High climate awareness,transport,App notification
U0532,59,74,88,37,55,83,39,0.988,99,Habit driven,food,In-app card
U0533,43,59,9,29,87,69,47,0.949,95,Low awareness,transport,App notification
U0534,83,22,35,96,49,58,71,0.983,98,Time constrained,food,App notification
U0535,80,90,30,33,50,73,19,0.98,98,Price sensitive,shopping,App notification
U0536,5,59,70,34,37,56,79,0.938,94,Habit driven,transport,In-app card
U0537,46,32,63,81,67,18,39,0.964,96,Time constrained,food,Push reminder
U0538,23,29,27,40,11,72,46,0.846,85,Early adopter,transport,WhatsApp
U0539,39,58,13,40,13,26,38,0.865,86,Price sensitive,electricity,App notification
U0540,57,97,39,0,9,36,98,0.961,96,Price sensitive,electricity,In-app card
U0541,57,29,5,57,5,79,45,0.906,91,Early adopter,electricity,Push reminder
U0542,64,57,51,43,22,52,91,0.974,97,High climate awareness,transport,In-app card
U0543,63,34,18,10,17,64,40,0.885,89,Early adopter,transport,Push reminder
U0544,14,63,0,47,34,64,19,0.845,84,Early adopter,transport,WhatsApp
U0545,72,21,84,20,55,41,98,0.977,98,Habit driven,transport,In-app card
U0546,68,70,53,34,58,56,47,0.979,98,Price sensitive,food,App notification
U0547,43,67,73,43,45,31,47,0.967,97,Habit driven,shopping,Push reminder
U0548,64,18,68,24,46,71,47,0.957,96,Early adopter,food,Push reminder
U0549,83,5,66,13,67,69,44,0.964,96,High climate awareness,electricity,Push reminder
U0550,63,20,45,12,28,52,77,0.927,93,High climate awareness,waste,In-app card
U0551,64,37,10,0,54,79,66,0.929,93,Early adopter,shopping,App notification
U0552,43,82,89,56,79,77,43,0.991,99,Habit driven,food,Email
U0553,46,50,40,39,4,75,65,0.94,94,Early adopter,transport,In-app card
U0554,64,55,55,79,46,63,30,0.981,98,Time constrained,food,Push reminder
U0555,74,33,29,0,36,74,55,0.935,94,High climate awareness,electricity,WhatsApp
U0556,63,43,29,36,40,79,56,0.958,96,Early adopter,waste,Email
U0557,52,75,4,37,51,70,50,0.954,95,Price sensitive,transport,Push reminder
U0558,43,70,62,57,66,40,37,0.974,97,Price sensitive,transport,App notification
U0559,78,62,46,35,75,24,53,0.979,98,High climate awareness,transport,WhatsApp
U0560,87,5,47,54,30,65,43,0.96,96,High climate awareness,food,WhatsApp
U0561,75,67,23,47,42,75,19,0.97,97,High climate awareness,electricity,Email
U0562,61,81,53,54,43,56,67,0.984,98,Price sensitive,food,Push reminder
U0563,55,31,17,37,68,46,62,0.936,94,Low awareness,shopping,WhatsApp
U0564,52,58,65,41,39,23,58,0.963,96,Habit driven,transport,Email
U0565,44,50,91,50,37,50,19,0.965,97,Habit driven,transport,App notification
U0566,37,29,50,52,51,67,32,0.937,94,Early adopter,transport,Email
U0567,37,62,89,16,43,64,42,0.964,96,Habit driven,transport,In-app card
U0568,45,51,52,72,57,54,64,0.975,98,Time constrained,transport,App notification
U0569,76,46,63,43,21,68,77,0.98,98,High climate awareness,food,In-app card
U0570,45,92,79,53,15,47,26,0.975,97,Price sensitive,food,WhatsApp
U0571,90,52,18,65,62,34,47,0.978,98,High climate awareness,food,In-app card
U0572,88,40,9,43,20,62,48,0.952,95,High climate awareness,food,In-app card
U0573,44,72,65,84,25,24,82,0.98,98,Time constrained,food,Push reminder
U0574,55,48,63,7,59,80,62,0.968,97,Early adopter,electricity,WhatsApp
U0575,56,66,83,0,68,43,46,0.972,97,Habit driven,transport,In-app card
U0576,96,77,57,19,46,52,23,0.983,98,High climate awareness,transport,Push reminder
U0577,77,46,41,38,45,70,35,0.969,97,High climate awareness,transport,Push reminder
U0578,57,28,68,73,64,63,47,0.978,98,Time constrained,waste,App notification
U0579,29,27,61,37,22,31,60,0.894,89,Habit driven,transport,In-app card
U0580,60,62,32,71,43,25,44,0.965,96,Time constrained,waste,Push reminder
U0581,82,48,21,57,55,59,57,0.976,98,High climate awareness,transport,App notification
U0582,71,35,80,71,27,89,51,0.985,99,Early adopter,transport,In-app card
U0583,82,49,0,64,35,79,81,0.975,98,High climate awareness,transport,App notification
U0584,76,45,73,25,78,53,54,0.983,98,Low awareness,electricity,In-app card
U0585,75,25,36,43,34,79,37,0.955,96,Early adopter,electricity,Email
U0586,39,35,56,74,53,27,61,0.957,96,Time constrained,food,Push reminder
U0587,47,77,35,25,11,46,51,0.935,94,Price sensitive,shopping,WhatsApp
U0588,80,55,46,68,54,41,37,0.981,98,High climate awareness,transport,WhatsApp
U0589,19,62,71,19,31,78,38,0.935,94,Early adopter,transport,App notification
U0590,62,69,29,25,39,28,57,0.95,95,Price sensitive,electricity,WhatsApp
U0591,68,49,58,53,34,83,50,0.979,98,Early adopter,transport,Push reminder
U0592,75,28,47,30,32,88,51,0.963,96,Early adopter,electricity,Email
U0593,31,37,23,38,59,45,55,0.904,90,Low awareness,shopping,In-app card
U0594,14,55,39,51,36,52,58,0.917,92,Price sensitive,food,App notification
U0595,84,79,60,69,39,84,33,0.991,99,High climate awareness,transport,WhatsApp
U0596,49,20,1,70,14,65,22,0.866,87,Time constrained,food,Push reminder
U0597,42,52,70,35,74,38,24,0.959,96,Low awareness,shopping,App notification
U0598,55,55,26,35,77,52,9,0.946,95,Low awareness,food,In-app card
U0599,26,46,62,48,75,38,27,0.944,94,Low awareness,transport,In-app card
U0600,59,54,62,45,47,52,28,0.968,97,Habit driven,food,Push reminder
U0601,55,83,61,53,46,47,81,0.985,99,Price sensitive,food,Push reminder
U0602,88,67,13,31,64,90,95,0.987,99,Early adopter,transport,In-app card
U0603,58,37,7,51,75,75,49,0.956,96,Low awareness,food,WhatsApp
U0604,43,6,52,67,19,76,41,0.925,92,Early adopter,transport,App notification
U0605,64,36,23,15,63,47,53,0.934,93,High climate awareness,transport,WhatsApp
U0606,59,59,68,77,29,67,3,0.976,98,Time constrained,food,WhatsApp
U0607,73,48,25,33,39,59,67,0.962,96,High climate awareness,transport,Email
U0608,54,49,43,26,57,85,22,0.955,95,Early adopter,transport,Push reminder
U0609,66,80,43,14,24,75,61,0.971,97,Price sensitive,transport,Push reminder
U0610,86,68,42,53,51,53,37,0.984,98,High climate awareness,food,App notification
U0611,26,5,33,64,76,49,36,0.897,90,Low awareness,transport,App notification
U0612,78,87,7,22,12,59,38,0.954,95,Price sensitive,electricity,Push reminder
U0613,64,22,44,1,84,52,20,0.928,93,Low awareness,electricity,App notification
U0614,71,81,46,33,63,73,50,0.985,99,Price sensitive,food,App notification
U0615,72,14,75,30,77,46,54,0.972,97,Low awareness,transport,App notification
U0616,58,42,55,72,85,74,23,0.981,98,Low awareness,transport,In-app card
U0617,32,67,47,73,60,59,89,0.979,98,Time constrained,electricity,Push reminder
U0618,45,32,39,6,43,76,67,0.922,92,Early adopter,food,WhatsApp
U0619,51,54,70,28,55,52,23,0.961,96,Habit driven,food,Push reminder
U0620,59,54,25,80,54,54,21,0.966,97,Time constrained,food,Push reminder
U0621,83,29,81,33,36,59,55,0.978,98,High climate awareness,food,WhatsApp
U0622,62,73,25,79,67,69,27,0.981,98,Time constrained,food,Push reminder
U0623,63,72,37,35,36,50,45,0.964,96,Price sensitive,transport,App notification
U0624,74,85,16,77,63,42,41,0.984,98,Price sensitive,food,App notification
U0625,63,65,28,6,53,98,33,0.96,96,Early adopter,transport,App notification
U0626,86,21,61,30,42,39,43,0.962,96,High climate awareness,transport,Email
U0627,40,44,0,0,56,85,98,0.916,92,Early adopter,transport,Push reminder
U0628,22,65,13,22,67,65,29,0.899,90,Low awareness,waste,In-app card
U0629,27,85,0,44,68,51,16,0.921,92,Price sensitive,food,App notification
U0630,49,61,73,32,74,57,54,0.979,98,Low awareness,transport,App notification
U0631,55,62,56,57,50,5,59,0.968,97,Price sensitive,food,Email
U0632,14,88,54,34,78,70,50,0.968,97,Price sensitive,shopping,Email
U0633,65,47,17,65,48,24,58,0.955,96,High climate awareness,electricity,WhatsApp
U0634,62,31,5,72,48,42,33,0.932,93,Time constrained,transport,Push reminder
U0635,81,64,69,47,33,95,40,0.988,99,Early adopter,shopping,Push reminder
U0636,72,76,45,15,36,73,58,0.976,98,Price sensitive,transport,In-app card
U0637,81,83,22,56,98,66,12,0.987,99,Low awareness,transport,Push reminder
U0638,52,98,40,73,30,52,43,0.98,98,Price sensitive,transport,WhatsApp
U0639,93,98,50,57,17,65,48,0.991,99,Price sensitive,electricity,App notification
U0640,27,35,71,24,40,61,40,0.921,92,Habit driven,shopping,Push reminder
U0641,70,58,11,24,33,50,50,0.939,94,High climate awareness,shopping,Push reminder
U0642,63,7,67,39,27,79,5,0.932,93,Early adopter,shopping,App notification
U0643,29,97,48,24,52,56,48,0.963,96,Price sensitive,transport,Push reminder
U0644,64,51,26,15,76,72,68,0.967,97,Low awareness,transport,Push reminder
U0645,58,59,41,69,43,40,58,0.972,97,Time constrained,waste,App notification
U0646,70,43,40,34,75,60,51,0.972,97,Low awareness,electricity,Push reminder
U0647,37,38,87,50,37,59,40,0.96,96,Habit driven,food,In-app card
U0648,66,89,22,60,60,55,43,0.981,98,Price sensitive,transport,App notification
U0649,74,71,13,85,72,54,32,0.983,98,Time constrained,transport,App notification
U0650,77,64,60,55,74,77,37,0.99,99,High climate awareness,transport,Push reminder
U0651,47,62,95,38,57,77,39,0.983,98,Habit driven,transport,Push reminder
U0652,72,55,72,19,96,53,58,0.986,99,Low awareness,electricity,Email
U0653,58,49,56,22,44,54,59,0.96,96,High climate awareness,transport,Push reminder
U0654,51,61,49,45,89,71,86,0.985,99,Low awareness,transport,In-app card
U0655,56,54,33,49,43,50,9,0.942,94,High climate awareness,food,In-app card
U0656,84,53,59,43,58,39,71,0.985,98,High climate awareness,transport,App notification
U0657,51,73,12,23,57,56,57,0.949,95,Price sensitive,electricity,WhatsApp
U0658,67,46,36,70,19,71,25,0.962,96,Early adopter,waste,App notification
U0659,77,55,14,57,35,76,27,0.965,97,High climate awareness,food,Push reminder
U0660,47,82,45,31,55,30,97,0.974,97,Price sensitive,food,Push reminder
U0661,38,78,48,26,12,24,43,0.922,92,Price sensitive,transport,In-app card
U0662,91,76,15,15,30,65,46,0.969,97,High climate awareness,transport,App notification
U0663,56,44,48,62,47,46,67,0.97,97,Time constrained,shopping,Email
U0664,56,76,72,70,38,48,65,0.987,99,Price sensitive,transport,In-app card
U0665,56,54,29,75,70,57,35,0.973,97,Time constrained,food,App notification
U0666,64,37,17,43,67,61,43,0.952,95,Low awareness,electricity,Email
U0667,37,29,83,44,18,70,57,0.951,95,Habit driven,waste,Email
U0668,46,67,44,35,76,79,25,0.969,97,Early adopter,transport,In-app card
U0669,64,92,75,20,81,78,27,0.989,99,Price sensitive,shopping,In-app card
U0670,38,69,98,74,53,54,54,0.987,99,Habit driven,transport,WhatsApp
U0671,40,63,37,56,52,39,52,0.956,96,Price sensitive,transport,Push reminder
U0672,45,88,26,30,29,37,48,0.943,94,Price sensitive,transport,Email
U0673,35,51,54,31,5,86,53,0.934,93,Early adopter,transport,Push reminder
U0674,72,73,67,48,22,68,53,0.984,98,Price sensitive,electricity,App notification
U0675,48,53,36,82,63,68,72,0.98,98,Time constrained,transport,In-app card
U0676,50,69,58,52,27,76,46,0.974,97,Early adopter,transport,App notification
U0677,68,38,88,47,41,72,65,0.984,98,Habit driven,transport,In-app card
U0678,78,48,44,0,40,50,57,0.955,95,High climate awareness,transport,App notification
U0679,48,22,50,35,35,61,12,0.904,90,Early adopter,shopping,App notification
U0680,69,51,39,64,39,65,45,0.974,97,High climate awareness,transport,In-app card
U0681,98,90,67,43,41,33,56,0.992,99,High climate awareness,transport,Email
U0682,71,85,34,61,54,67,31,0.984,98,Price sensitive,transport,Push reminder
U0683,54,33,18,54,39,41,23,0.907,91,High climate awareness,food,WhatsApp
U0684,59,5,55,53,48,61,42,0.946,95,Early adopter,transport,Push reminder
U0685,62,59,73,78,80,44,63,0.99,99,Low awareness,transport,In-app card
U0686,42,47,21,8,59,60,48,0.908,91,Early adopter,waste,WhatsApp
U0687,74,40,28,42,92,85,69,0.983,98,Low awareness,transport,App notification
U0688,33,57,63,92,16,74,69,0.976,98,Time constrained,shopping,Push reminder
U0689,66,27,50,52,53,46,31,0.957,96,High climate awareness,transport,In-app card
U0690,46,52,48,66,26,34,40,0.949,95,Time constrained,transport,WhatsApp
U0691,25,69,69,48,12,62,32,0.945,95,Price sensitive,food,App notification
U0692,71,80,38,46,83,98,69,0.992,99,Early adopter,transport,WhatsApp
U0693,51,69,26,49,56,67,27,0.962,96,Price sensitive,transport,Push reminder
U0694,62,90,34,48,13,65,52,0.974,97,Price sensitive,transport,Push reminder
U0695,60,78,25,76,54,58,19,0.976,98,Price sensitive,food,App notification
U0696,45,74,51,7,65,56,47,0.96,96,Price sensitive,transport,Email
U0697,76,61,7,27,69,57,20,0.955,96,High climate awareness,transport,In-app card
U0698,45,98,57,35,67,54,37,0.98,98,Price sensitive,electricity,In-app card
U0699,63,83,71,62,69,83,62,0.993,99,Price sensitive,food,Email
U0700,82,38,36,40,53,48,49,0.968,97,High climate awareness,food,Email
U0701,67,47,7,55,56,63,60,0.963,96,High climate awareness,transport,In-app card
U0702,63,40,60,63,28,77,42,0.973,97,Early adopter,transport,Push reminder
U0703,69,65,37,67,74,49,44,0.983,98,Low awareness,electricity,App notification
U0704,81,21,13,39,53,41,51,0.94,94,High climate awareness,waste,App notification
U0705,44,46,72,33,42,62,69,0.966,97,Habit driven,transport,WhatsApp
U0706,68,71,70,41,59,75,51,0.988,99,Early adopter,electricity,WhatsApp
U0707,81,73,2,32,17,47,40,0.947,95,High climate awareness,transport,Push reminder
U0708,83,41,38,12,78,91,45,0.976,98,Early adopter,waste,App notification
U0709,31,42,96,85,15,36,57,0.968,97,Habit driven,food,App notification
U0710,58,54,67,85,57,35,50,0.983,98,Time constrained,food,In-app card
U0711,47,63,59,41,75,48,67,0.978,98,Low awareness,food,In-app card
U0712,64,63,21,9,31,58,56,0.94,94,High climate awareness,food,In-app card
U0713,51,64,35,43,72,78,66,0.977,98,Early adopter,transport,Email
U0714,32,65,11,41,41,64,71,0.934,93,Price sensitive,transport,In-app card
U0715,82,54,25,26,59,40,38,0.962,96,High climate awareness,electricity,App notification
U0716,38,68,37,0,82,80,7,0.938,94,Low awareness,waste,App notification
U0717,71,85,40,45,43,70,68,0.986,99,Price sensitive,transport,App notification
U0718,36,40,47,49,58,56,30,0.939,94,Low awareness,transport,App notification
U0719,75,55,55,34,65,85,35,0.982,98,Early adopter,electricity,Push reminder
U0720,51,16,52,53,71,53,34,0.949,95,Low awareness,food,WhatsApp
U0721,41,98,72,18,39,49,75,0.978,98,Price sensitive,food,In-app card
U0722,62,65,44,48,50,69,7,0.968,97,Early adopter,food,App notification
U0723,49,39,10,0,58,41,45,0.867,87,Low awareness,transport,App notification
U0724,86,62,33,13,58,57,59,0.975,98,High climate awareness,transport,In-app card
U0725,15,45,75,0,48,54,47,0.901,90,Habit driven,food,Push reminder
U0726,33,56,44,40,91,86,84,0.977,98,Low awareness,food,In-app card
U0727,64,47,32,30,50,64,56,0.959,96,High climate awareness,food,In-app card
U0728,36,6,26,31,36,37,49,0.817,82,Early adopter,food,App notification
U0729,51,43,70,38,43,65,7,0.953,95,Habit driven,electricity,In-app card
U0730,43,32,22,8,16,31,0,0.741,74,High climate awareness,electricity,WhatsApp
U0731,51,74,28,36,72,51,51,0.967,97,Price sensitive,food,App notification
U0732,59,48,68,21,52,95,54,0.976,98,Early adopter,food,WhatsApp
U0733,43,55,62,42,55,58,27,0.96,96,Habit driven,transport,In-app card
U0734,52,93,43,19,54,48,50,0.97,97,Price sensitive,food,Push reminder
U0735,36,34,52,88,34,75,56,0.964,96,Time constrained,transport,Push reminder
U0736,65,73,38,45,51,42,57,0.975,98,Price sensitive,food,In-app card
U0737,51,28,69,24,25,67,74,0.951,95,Habit driven,transport,Push reminder
U0738,60,49,81,31,51,63,24,0.972,97,Habit driven,electricity,WhatsApp
U0739,54,58,36,38,48,59,66,0.964,96,Early adopter,transport,In-app card
U0740,77,70,43,6,54,52,59,0.973,97,High climate awareness,transport,In-app card
U0741,69,97,64,59,88,66,68,0.995,99,Price sensitive,waste,In-app card
U0742,78,76,11,32,73,69,47,0.978,98,High climate awareness,electricity,Push reminder
U0743,67,32,62,50,51,56,52,0.972,97,High climate awareness,transport,Push reminder
U0744,53,48,84,3,18,75,23,0.946,95,Habit driven,electricity,In-app card
U0745,21,28,5,12,36,98,39,0.804,80,Early adopter,electricity,In-app card
U0746,81,42,44,36,60,84,91,0.985,99,Early adopter,waste,WhatsApp
U0747,50,67,82,39,42,87,54,0.983,98,Early adopter,food,Push reminder
U0748,74,37,34,0,37,78,48,0.942,94,Early adopter,food,In-app card
U0749,41,88,63,46,86,52,26,0.981,98,Price sensitive,food,In-app card
U0750,83,72,81,29,46,56,44,0.988,99,High climate awareness,waste,In-app card
U0751,29,41,24,38,65,38,94,0.93,93,Low awareness,transport,App notification
U0752,78,74,64,25,40,42,41,0.979,98,High climate awareness,transport,Push reminder
U0753,64,37,6,70,46,74,41,0.954,95,Early adopter,food,WhatsApp
U0754,37,39,25,92,49,77,0,0.942,94,Time constrained,electricity,WhatsApp
U0755,64,68,35,79,83,90,63,0.991,99,Early adopter,transport,App notification
U0756,53,59,35,47,38,56,90,0.969,97,Price sensitive,transport,Email
U0757,63,53,61,45,48,68,55,0.978,98,Early adopter,transport,Push reminder
U0758,70,69,43,38,50,71,70,0.982,98,Early adopter,transport,WhatsApp
U0759,51,25,17,17,36,69,26,0.865,86,Early adopter,waste,WhatsApp
U0760,43,45,15,19,77,70,90,0.949,95,Low awareness,electricity,Push reminder
U0761,44,85,28,29,98,43,79,0.977,98,Low awareness,transport,WhatsApp
U0762,32,57,20,34,11,67,17,0.866,87,Early adopter,transport,In-app card
U0763,56,27,71,0,44,71,55,0.946,95,Habit driven,transport,WhatsApp
U0764,72,52,21,61,38,46,30,0.958,96,High climate awareness,food,App notification
U0765,44,86,14,33,46,69,67,0.961,96,Price sensitive,transport,Email
U0766,68,22,0,98,33,51,58,0.951,95,Time constrained,shopping,App notification
U0767,64,72,65,7,75,70,55,0.982,98,Low awareness,transport,WhatsApp
U0768,54,35,20,30,66,65,56,0.941,94,Low awareness,transport,Push reminder
U0769,49,73,60,45,33,65,52,0.974,97,Price sensitive,transport,Push reminder
U0770,60,45,30,49,32,54,59,0.953,95,High climate awareness,food,App notification
U0771,65,95,59,35,76,98,65,0.993,99,Early adopter,shopping,Push reminder
U0772,26,67,74,0,68,55,74,0.96,96,Habit driven,waste,Push reminder
U0773,56,69,54,20,44,59,72,0.972,97,Price sensitive,transport,App notification
U0774,66,41,24,57,40,75,46,0.962,96,Early adopter,electricity,Email
U0775,84,74,35,20,88,41,54,0.983,98,Low awareness,food,Push reminder
U0776,72,36,87,22,47,31,68,0.974,97,Habit driven,food,In-app card
U0777,91,47,45,34,25,54,66,0.975,98,High climate awareness,food,WhatsApp
U0778,35,71,7,30,42,65,52,0.923,92,Price sensitive,transport,WhatsApp
U0779,65,73,6,60,72,98,32,0.979,98,Early adopter,transport,Push reminder
U0780,47,56,44,62,60,52,46,0.968,97,Time constrained,food,App notification
U0781,74,66,21,0,78,59,22,0.957,96,Low awareness,food,Push reminder
U0782,39,62,46,27,34,39,62,0.939,94,Price sensitive,food,App notification
U0783,35,84,47,56,52,78,86,0.982,98,Price sensitive,food,App notification
U0784,61,65,47,28,49,98,54,0.978,98,Early adopter,food,App notification
U0785,23,52,43,48,60,65,67,0.951,95,Early adopter,food,App notification
U0786,65,60,30,29,33,79,10,0.948,95,Early adopter,waste,In-app card
U0787,34,23,58,46,60,61,56,0.944,94,Early adopter,electricity,Push reminder
U0788,62,53,43,47,66,98,58,0.982,98,Early adopter,food,Push reminder
U0789,64,33,28,85,35,71,28,0.962,96,Time constrained,food,In-app card
U0790,59,50,56,46,68,73,53,0.979,98,Early adopter,transport,Push reminder
U0791,69,45,79,58,58,43,12,0.978,98,Habit driven,transport,App notification
U0792,52,72,78,68,37,70,38,0.985,98,Habit driven,transport,Push reminder
U0793,24,53,72,33,66,46,61,0.957,96,Habit driven,electricity,WhatsApp
U0794,52,44,77,28,54,48,66,0.97,97,Habit driven,electricity,App notification
U0795,81,67,47,78,80,42,72,0.992,99,High climate awareness,electricity,Push reminder
U0796,53,25,51,49,89,46,15,0.953,95,Low awareness,food,In-app card
U0797,36,82,45,18,90,86,44,0.974,97,Low awareness,food,Push reminder
U0798,65,90,11,33,50,66,23,0.965,96,Price sensitive,transport,Email
U0799,74,49,86,98,59,55,51,0.993,99,Time constrained,electricity,WhatsApp
U0800,36,78,13,30,49,68,47,0.939,94,Price sensitive,transport,WhatsApp
U0801,61,66,62,74,86,68,76,0.992,99,Low awareness,shopping,Push reminder
U0802,58,25,66,59,50,58,57,0.97,97,Habit driven,transport,In-app card
U0803,51,38,15,95,51,84,26,0.962,96,Time constrained,transport,Push reminder
U0804,54,66,77,27,41,44,45,0.971,97,Habit driven,food,App notification
U0805,39,68,19,25,48,94,0,0.924,92,Early adopter,waste,In-app card
U0806,45,48,52,41,83,62,65,0.973,97,Low awareness,transport,In-app card
U0807,66,59,43,24,68,19,74,0.968,97,Low awareness,food,Email
U0808,74,31,54,49,56,53,38,0.97,97,High climate awareness,waste,WhatsApp
U0809,29,45,36,80,46,67,58,0.956,96,Time constrained,waste,App notification
U0810,55,68,66,63,70,18,24,0.977,98,Low awareness,transport,App notification
U0811,48,72,47,38,45,51,43,0.963,96,Price sensitive,food,In-app card
U0812,80,98,72,18,40,80,43,0.99,99,Price sensitive,transport,WhatsApp
U0813,48,52,18,59,33,61,39,0.939,94,Early adopter,transport,App notification
U0814,64,71,51,25,38,98,66,0.981,98,Early adopter,transport,Email
U0815,54,77,29,67,66,87,63,0.985,99,Early adopter,waste,Push reminder
U0816,54,55,45,35,17,16,63,0.934,93,Price sensitive,transport,Push reminder
U0817,54,54,65,79,43,39,72,0.981,98,Time constrained,transport,Email
U0818,50,40,62,9,52,64,36,0.942,94,Early adopter,transport,Push reminder
U0819,86,52,64,43,78,71,53,0.99,99,High climate awareness,food,WhatsApp
U0820,39,33,39,75,0,21,40,0.892,89,Time constrained,transport,WhatsApp
U0821,96,71,81,26,59,63,59,0.993,99,High climate awareness,waste,App notification
U0822,73,69,9,7,36,65,59,0.951,95,High climate awareness,transport,Push reminder
U0823,39,61,65,58,40,52,22,0.961,96,Habit driven,food,In-app card
U0824,28,79,59,70,38,51,31,0.966,97,Price sensitive,transport,Email
U0825,96,42,37,79,55,84,53,0.99,99,High climate awareness,transport,WhatsApp
U0826,86,74,68,64,35,65,69,0.992,99,High climate awareness,shopping,In-app card
U0827,74,58,88,54,76,64,40,0.991,99,Habit driven,electricity,In-app card
U0828,64,38,67,22,65,38,31,0.959,96,Habit driven,food,Push reminder
U0829,63,44,69,45,53,56,33,0.973,97,Habit driven,transport,In-app card
U0830,88,38,52,43,47,73,63,0.983,98,High climate awareness,waste,App notification
U0831,67,33,19,12,45,98,47,0.94,94,Early adopter,food,In-app card
U0832,60,66,38,47,15,42,14,0.942,94,Price sensitive,food,Email
U0833,71,62,66,26,27,53,69,0.977,98,High climate awareness,food,In-app card
U0834,34,35,12,38,44,57,26,0.862,86,Early adopter,shopping,In-app card
U0835,36,31,55,64,3,91,62,0.947,95,Early adopter,shopping,Push reminder
U0836,75,34,62,63,36,75,45,0.979,98,High climate awareness,electricity,App notification
U0837,46,48,27,51,61,62,15,0.94,94,Early adopter,transport,Email
U0838,89,57,38,28,47,75,11,0.972,97,High climate awareness,electricity,App notification
U0839,62,70,29,9,43,85,64,0.965,97,Early adopter,transport,Email
U0840,47,29,62,65,42,49,34,0.953,95,Time constrained,food,App notification
U0841,49,70,60,21,53,72,29,0.966,97,Early adopter,waste,WhatsApp
U0842,53,14,0,49,52,63,57,0.904,90,Early adopter,electricity,App notification
U0843,31,69,39,7,56,61,26,0.92,92,Price sensitive,food,Email
U0844,46,58,48,14,58,42,18,0.93,93,Price sensitive,electricity,WhatsApp
U0845,28,55,84,76,60,91,77,0.987,99,Early adopter,electricity,Push reminder
U0846,79,17,39,25,73,53,83,0.968,97,High climate awareness,transport,WhatsApp
U0847,59,51,50,40,40,51,84,0.971,97,High climate awareness,food,In-app card
U0848,73,38,37,15,70,69,61,0.967,97,High climate awareness,transport,App notification
U0849,73,63,37,43,34,86,66,0.98,98,Early adopter,food,In-app card
U0850,38,45,29,35,71,30,36,0.917,92,Low awareness,transport,Push reminder
U0851,50,28,49,33,72,54,57,0.953,95,Low awareness,food,WhatsApp
U0852,32,62,52,40,76,70,79,0.974,97,Low awareness,food,In-app card
U0853,13,55,71,0,44,80,35,0.912,91,Early adopter,electricity,In-app card
U0854,61,66,73,56,68,42,59,0.987,99,Habit driven,transport,In-app card
U0855,66,76,25,98,32,36,42,0.979,98,Time constrained,transport,App notification
U0856,76,62,81,34,40,45,37,0.981,98,Habit driven,transport,Email
U0857,32,69,77,47,36,74,47,0.972,97,Habit driven,transport,In-app card
U0858,42,69,44,64,32,68,58,0.97,97,Price sensitive,transport,WhatsApp
U0859,30,84,16,37,49,40,84,0.948,95,Price sensitive,transport,App notification
U0860,45,41,42,58,53,44,47,0.951,95,Time constrained,transport,Push reminder
U0861,33,45,2,29,83,72,70,0.929,93,Low awareness,food,WhatsApp
U0862,59,59,64,41,34,58,41,0.97,97,Habit driven,transport,App notification
U0863,67,53,23,55,35,53,38,0.957,96,High climate awareness,transport,WhatsApp
U0864,58,76,47,25,42,65,59,0.973,97,Price sensitive,food,App notification
U0865,85,58,43,50,45,40,52,0.979,98,High climate awareness,food,Push reminder
U0866,77,50,55,4,94,55,38,0.976,98,Low awareness,transport,Email
U0867,53,55,47,47,49,58,23,0.959,96,Early adopter,food,App notification
U0868,48,60,42,38,54,69,62,0.967,97,Early adopter,transport,In-app card
U0869,93,33,38,23,57,69,38,0.97,97,High climate awareness,electricity,In-app card
U0870,25,26,69,62,60,60,45,0.95,95,Habit driven,electricity,WhatsApp
U0871,67,41,45,63,53,73,61,0.979,98,Early adopter,transport,Email
U0872,44,33,4,68,12,97,37,0.912,91,Early adopter,waste,App notification
U0873,52,24,53,35,51,44,57,0.942,94,Habit driven,food,App notification
U0874,66,84,62,44,49,66,63,0.988,99,Price sensitive,transport,In-app card
U0875,44,64,56,25,19,54,0,0.92,92,Price sensitive,transport,WhatsApp
U0876,98,76,46,73,64,36,35,0.991,99,High climate awareness,food,App notification
U0877,76,68,39,45,66,75,56,0.986,99,High climate awareness,shopping,WhatsApp
U0878,21,84,42,24,61,71,28,0.946,95,Price sensitive,transport,Push reminder
U0879,59,87,44,38,36,43,55,0.973,97,Price sensitive,transport,App notification
U0880,61,56,47,45,62,98,72,0.984,98,Early adopter,transport,App notification
U0881,51,79,21,28,64,73,60,0.969,97,Price sensitive,transport,App notification
U0882,47,43,47,35,67,54,41,0.952,95,Low awareness,food,Push reminder
U0883,28,9,54,32,65,57,31,0.89,89,Low awareness,electricity,App notification
U0884,89,86,40,50,40,25,74,0.987,99,High climate awareness,food,In-app card
U0885,43,60,44,58,31,86,50,0.967,97,Early adopter,food,In-app card
U0886,60,60,57,85,41,57,47,0.983,98,Time constrained,transport,App notification
U0887,16,98,50,53,20,58,66,0.962,96,Price sensitive,waste,Push reminder
U0888,98,41,5,23,34,44,66,0.954,95,High climate awareness,electricity,Email
U0889,64,92,7,70,46,41,18,0.969,97,Price sensitive,transport,App notification
U0890,60,97,33,8,43,80,43,0.971,97,Price sensitive,electricity,Push reminder
U0891,69,86,23,17,31,66,49,0.965,97,Price sensitive,food,Push reminder
U0892,54,61,82,14,31,60,88,0.976,98,Habit driven,transport,WhatsApp
U0893,38,62,0,17,75,60,33,0.908,91,Low awareness,food,App notification
U0894,57,53,57,0,29,40,60,0.938,94,High climate awareness,food,In-app card
U0895,57,48,43,73,78,58,28,0.976,98,Low awareness,waste,App notification
U0896,20,12,55,52,36,86,43,0.906,91,Early adopter,electricity,In-app card
U0897,47,53,56,57,93,57,24,0.975,98,Low awareness,food,Push reminder
U0898,60,54,9,48,42,53,40,0.941,94,High climate awareness,food,Push reminder
U0899,57,78,61,40,29,71,41,0.977,98,Price sensitive,transport,WhatsApp
U0900,65,98,33,56,74,49,0,0.981,98,Price sensitive,transport,In-app card
U0901,70,56,51,43,73,58,91,0.987,99,Low awareness,electricity,In-app card
U0902,58,61,7,28,71,58,25,0.942,94,Low awareness,transport,App notification
U0903,45,41,44,21,78,64,20,0.939,94,Low awareness,shopping,In-app card
U0904,85,54,56,49,58,53,54,0.985,99,High climate awareness,transport,Push reminder
U0905,55,49,12,41,54,96,57,0.959,96,Early adopter,shopping,In-app card
U0906,44,34,50,24,38,45,41,0.913,91,Habit driven,food,Email
U0907,71,50,31,63,45,39,17,0.959,96,High climate awareness,electricity,In-app card
U0908,50,81,45,73,30,38,37,0.971,97,Price sensitive,transport,App notification
U0909,50,78,51,23,50,51,31,0.961,96,Price sensitive,transport,Email
U0910,44,39,62,52,68,54,26,0.96,96,Low awareness,transport,In-app card
U0911,47,83,20,60,29,48,6,0.943,94,Price sensitive,food,In-app card
U0912,69,45,24,60,25,56,22,0.947,95,High climate awareness,food,WhatsApp
U0913,60,37,58,29,69,90,41,0.972,97,Early adopter,food,Email
U0914,30,36,7,65,61,92,39,0.929,93,Early adopter,transport,Email
U0915,43,83,98,24,61,56,56,0.985,98,Habit driven,transport,In-app card
U0916,49,79,56,49,60,72,71,0.985,98,Price sensitive,shopping,WhatsApp
U0917,71,53,28,40,47,26,63,0.96,96,High climate awareness,electricity,Push reminder
U0918,73,51,33,64,28,38,56,0.967,97,High climate awareness,transport,In-app card
U0919,65,53,20,62,76,70,36,0.974,97,Low awareness,transport,App notification
U0920,42,51,28,8,57,69,81,0.941,94,Early adopter,food,Email
U0921,50,73,70,77,79,40,78,0.99,99,Low awareness,waste,App notification
U0922,52,70,50,18,73,50,85,0.976,98,Low awareness,transport,App notification
U0923,44,84,10,63,86,56,40,0.972,97,Low awareness,transport,WhatsApp
U0924,98,68,18,22,53,34,17,0.966,97,High climate awareness,electricity,In-app card
U0925,63,53,38,43,69,34,32,0.962,96,Low awareness,transport,App notification
U0926,57,54,59,0,17,46,65,0.939,94,Habit driven,shopping,Email
U0927,46,61,79,58,69,57,77,0.987,99,Habit driven,transport,WhatsApp
U0928,98,55,56,16,93,44,40,0.986,99,High climate awareness,transport,Push reminder
U0929,30,24,43,44,45,23,53,0.886,89,Low awareness,food,Email
U0930,48,73,45,43,75,43,26,0.968,97,Low awareness,transport,Email
U0931,68,23,70,17,36,34,40,0.939,94,Habit driven,shopping,App notification
U0932,55,71,15,27,78,80,34,0.964,96,Early adopter,waste,Push reminder
U0933,57,94,18,0,39,58,31,0.943,94,Price sensitive,electricity,App notification
U0934,75,59,31,29,35,76,38,0.965,97,Early adopter,food,Push reminder
U0935,36,27,82,56,50,55,42,0.958,96,Habit driven,shopping,Push reminder
U0936,52,49,32,39,37,64,47,0.945,95,Early adopter,shopping,WhatsApp
U0937,45,9,57,12,40,5,59,0.857,86,Habit driven,transport,App notification
U0938,59,15,46,57,53,52,48,0.951,95,High climate awareness,electricity,In-app card
U0939,56,46,50,25,58,69,44,0.961,96,Early adopter,food,Push reminder
U0940,57,37,48,28,67,43,53,0.954,95,Low awareness,transport,App notification
U0941,53,60,43,22,71,42,60,0.963,96,Low awareness,food,Email
U0942,85,49,47,80,47,65,60,0.988,99,High climate awareness,food,App notification
U0943,33,23,75,60,62,86,62,0.97,97,Early adopter,transport,WhatsApp
U0944,45,41,58,43,18,77,74,0.958,96,Early adopter,food,App notification
U0945,84,34,87,42,42,48,54,0.983,98,Habit driven,transport,WhatsApp
U0946,83,64,75,83,48,77,36,0.993,99,High climate awareness,food,In-app card
U0947,49,58,25,26,39,88,58,0.951,95,Early adopter,transport,WhatsApp
U0948,58,47,55,98,2,67,92,0.982,98,Time constrained,shopping,In-app card
U0949,48,11,50,22,90,55,33,0.93,93,Low awareness,shopping,App notification
U0950,73,64,64,87,38,94,85,0.994,99,Early adopter,food,App notification
U0951,44,51,82,21,54,44,50,0.962,96,Habit driven,food,WhatsApp
U0952,64,67,55,34,88,86,52,0.987,99,Low awareness,shopping,In-app card
U0953,54,51,52,41,72,69,28,0.97,97,Low awareness,electricity,Email
U0954,37,48,35,12,56,57,35,0.908,91,Early adopter,food,WhatsApp
U0955,95,43,15,96,94,46,73,0.991,99,Time constrained,electricity,WhatsApp
U0956,56,63,75,71,53,41,32,0.982,98,Habit driven,food,Push reminder
U0957,24,60,44,14,56,72,30,0.92,92,Early adopter,transport,WhatsApp
U0958,54,32,39,81,39,46,35,0.953,95,Time constrained,food,In-app card
U0959,54,52,30,0,31,20,62,0.895,90,High climate awareness,food,In-app card
U0960,64,33,2,43,57,94,89,0.963,96,Early adopter,electricity,Push reminder
U0961,52,73,51,42,49,57,45,0.972,97,Price sensitive,food,In-app card
U0962,89,37,0,30,33,30,74,0.94,94,High climate awareness,transport,App notification
U0963,33,66,89,14,45,87,39,0.968,97,Habit driven,waste,In-app card
U0964,61,46,27,15,61,46,71,0.949,95,High climate awareness,electricity,App notification
U0965,86,96,26,70,61,79,32,0.992,99,Price sensitive,food,In-app card
U0966,69,53,56,18,25,65,40,0.959,96,High climate awareness,shopping,In-app card
U0967,50,65,12,70,52,75,58,0.97,97,Early adopter,transport,In-app card
U0968,78,60,34,38,57,63,59,0.979,98,High climate awareness,transport,App notification
U0969,87,34,61,39,72,92,51,0.987,99,Early adopter,electricity,In-app card
U0970,75,80,38,29,27,56,46,0.973,97,Price sensitive,electricity,Push reminder
U0971,55,53,52,61,34,78,35,0.971,97,Early adopter,food,In-app card
U0972,59,19,59,44,53,58,60,0.961,96,High climate awareness,electricity,In-app card
U0973,72,40,31,51,63,70,22,0.966,97,High climate awareness,food,App notification
U0974,25,60,43,20,38,62,18,0.897,90,Early adopter,transport,App notification
U0975,47,49,38,35,77,78,35,0.961,96,Early adopter,transport,App notification
U0976,80,12,46,34,73,79,18,0.962,96,High climate awareness,food,Email
U0977,79,69,82,47,36,39,77,0.989,99,Habit driven,waste,Push reminder
U0978,88,46,45,74,65,56,32,0.986,99,High climate awareness,transport,Push reminder
U0979,42,46,58,43,57,53,40,0.956,96,Habit driven,electricity,App notification
U0980,59,60,22,58,56,74,54,0.973,97,Early adopter,food,Email
U0981,63,28,67,40,17,58,17,0.941,94,Habit driven,shopping,Push reminder
U0982,77,44,22,57,49,70,45,0.971,97,High climate awareness,electricity,App notification
U0983,78,46,10,15,58,46,73,0.953,95,High climate awareness,electricity,App notification
U0984,36,75,35,73,60,63,61,0.976,98,Price sensitive,transport,WhatsApp
U0985,80,79,39,98,37,52,62,0.991,99,Time constrained,electricity,Push reminder
U0986,47,31,30,5,91,39,42,0.912,91,Low awareness,waste,App notification
U0987,70,55,31,38,37,54,55,0.963,96,High climate awareness,electricity,Email
U0988,59,43,38,70,66,64,35,0.972,97,Time constrained,electricity,WhatsApp
U0989,68,54,82,46,29,98,19,0.982,98,Early adopter,waste,Push reminder
U0990,22,13,98,92,52,68,53,0.971,97,Habit driven,food,In-app card
U0991,26,30,52,40,45,46,45,0.905,91,Habit driven,electricity,Email
U0992,57,41,44,38,46,73,42,0.957,96,Early adopter,food,App notification
U0993,47,79,42,29,34,25,71,0.956,96,Price sensitive,waste,In-app card
U0994,62,38,38,29,41,51,70,0.951,95,High climate awareness,transport,Push reminder
U0995,94,37,41,47,30,61,55,0.976,98,High climate awareness,shopping,WhatsApp
U0996,58,5,23,76,60,5,17,0.895,90,Time constrained,food,WhatsApp
U0997,70,76,60,22,74,44,35,0.98,98,Price sensitive,transport,WhatsApp
U0998,65,65,34,58,18,73,54,0.972,97,Early adopter,transport,In-app card
U0999,45,77,56,50,40,75,72,0.98,98,Price sensitive,food,In-app card
U1000,72,82,39,75,53,39,33,0.984,98,Price sensitive,transport,Email
